school,school_setting,school_type,classroom,teaching_method,n_student,student_id,gender,lunch,pretest
-0.020352220715551206,-0.06906228397176808,-0.08087646261204862,0.00332867636910434,-6.316561996562998,-0.07114845351641307,-0.00012375216075782847,-0.17583900395635674,-0.9610575428467013,0.9138990679807656
